{
    "epoch": 3.0,
    "total_flos": 5.385694719246336e+16,
    "train_loss": 0.08242432397948664,
    "train_runtime": 6737.5105,
    "train_samples_per_second": 1.993,
    "train_steps_per_second": 0.498
}