{
    "epoch": 3.0,
    "total_flos": 3.3748898840838144e+16,
    "train_loss": 0.17215782041953437,
    "train_runtime": 3488.5757,
    "train_samples_per_second": 0.765,
    "train_steps_per_second": 0.192
}