{
    "epoch": 0.8,
    "predict_bleu-4": 95.18138196259804,
    "predict_rouge-1": 97.46189589784838,
    "predict_rouge-2": 83.27711057711643,
    "predict_rouge-l": 97.2245985119646,
    "predict_runtime": 1060.6785,
    "predict_samples": 4973,
    "predict_samples_per_second": 4.689,
    "predict_steps_per_second": 4.689,
    "train_loss": 0.1294531614780426,
    "train_runtime": 1519.1082,
    "train_samples": 4973,
    "train_samples_per_second": 2.633,
    "train_steps_per_second": 0.165
}